Name,PhoneNumber
Sol Olsen,+1 (289) 274-9467
Delores Flatt,+1 (766) 203-5103
Mildred Hoover,+1 (397) 342-7527
Richard Robertson,+1 (595) 413-5817
Melvin Goodman,+1 (151) 996-6490
Jo Ezell,+1 (128) 360-1962
Brenda Clark,+1 (678) 015-2865
Linda Price,+1 (828) 019-3659
Rachel Rozier,+1 (914) 072-4963
Daniel Torres,+1 (283) 349-8515
Timothy Washington,+1 (691) 660-2802
Anthony Flores,+1 (951) 161-0084
Margaret Lusk,+1 (086) 727-5702
Michael Williams,+1 (879) 830-4473
Michael Rodgers,+1 (255) 496-2593
